Ana Silva,28,Feminino,(51) 98888-1111
Bruno Costa,34,Masculino,(51) 99999-2222
Camila Souza,22,Feminino,(51) 97777-3333
Diego Oliveira,41,Masculino,(51) 96666-4444
Fernanda Lima,30,Feminino,(51) 95555-5555
Gabriel Martins,26,Masculino,(51) 94444-6666
Helena Rocha,37,Feminino,(51) 93333-7777
Igor Almeida,29,Masculino,(51) 92222-8888
Juliana Cardoso,32,Feminino,(51) 91111-9999
Lucas Mendes,45,Masculino,(51) 90000-0000
Bruno Costa,34,Masculino,(51) 99999-2222
Fernanda Lima,30,Feminino,(51) 95555-5555
Igor Almeida,29,Masculino,(51) 92222-8888